Feature,Importance
V4,0.37209663
V11,0.19909546
V1,0.09034913
V3,0.061916597
V5,0.061662078
V14,0.041166566
V2,0.04076769
V19,0.028055582
V12,0.026290266
V25,0.01644035
